nik,nama,tempatLahir,tanggalLahir,jenisKelamin,agama,pendidikan,pekerjaan,statusPerkawinan,alamat,rt,rw,desa,kecamatan,kabupaten,provinsi,golonganDarah,statusKependudukan,nomorKK,hubungan
3201010101010001,Budi Santoso,Jakarta,1990-01-15,Laki-laki,Islam,S1,PNS,Menikah,Jl. Raya Merdeka No. 123,01,02,Desa Sukamaju,Kecamatan Sukajaya,Kabupaten Bogor,Jawa Barat,A,Aktif,3201010101011001,Kepala Keluarga
3201010101010002,Siti Nurhaliza,Bandung,1992-03-20,Perempuan,Islam,SMA,Ibu Rumah Tangga,Menikah,Jl. Raya Merdeka No. 123,01,02,Desa Sukamaju,Kecamatan Sukajaya,Kabupaten Bogor,Jawa Barat,B,Aktif,3201010101011001,Istri
3201010101010003,Agus Wijaya,Surabaya,1988-07-10,Laki-laki,Islam,SMK,Wiraswasta,Menikah,Jl. Raya Merdeka No. 125,01,02,Desa Sukamaju,Kecamatan Sukajaya,Kabupaten Bogor,Jawa Barat,O,Aktif,3201010101011002,Kepala Keluarga
3201010101010004,Dewi Lestari,Yogyakarta,1995-05-25,Perempuan,Islam,S1,Guru,Belum Menikah,Jl. Raya Merdeka No. 125,01,02,Desa Sukamaju,Kecamatan Sukajaya,Kabupaten Bogor,Jawa Barat,AB,Aktif,3201010101011002,Istri
3201010101010005,Rudi Hartono,Medan,1985-11-30,Laki-laki,Islam,SD,Buruh,Menikah,Jl. Raya Merdeka No. 127,02,02,Desa Sukamaju,Kecamatan Sukajaya,Kabupaten Bogor,Jawa Barat,A,Aktif,3201010101011003,Kepala Keluarga
3201010101010006,Indah Sari,Palembang,1993-09-12,Perempuan,Islam,SMA,Karyawan Swasta,Belum Menikah,Jl. Raya Merdeka No. 127,02,02,Desa Sukamaju,Kecamatan Sukajaya,Kabupaten Bogor,Jawa Barat,B,Aktif,3201010101011003,Istri
3201010101010007,Andi Pratama,Makassar,1991-02-18,Laki-laki,Islam,S1,Dokter,Menikah,Jl. Raya Merdeka No. 129,03,02,Desa Sukamaju,Kecamatan Sukajaya,Kabupaten Bogor,Jawa Barat,O,Aktif,3201010101011004,Kepala Keluarga
3201010101010008,Maya Sari,Denpasar,1994-08-05,Perempuan,Hindu,SMA,Pedagang,Belum Menikah,Jl. Raya Merdeka No. 129,03,02,Desa Sukamaju,Kecamatan Sukajaya,Kabupaten Bogor,Jawa Barat,AB,Aktif,3201010101011004,Istri
3201010101010009,Bambang Sutrisno,Semarang,1987-12-22,Laki-laki,Islam,SMK,Tukang,Menikah,Jl. Raya Merdeka No. 131,03,02,Desa Sukamaju,Kecamatan Sukajaya,Kabupaten Bogor,Jawa Barat,A,Aktif,3201010101011005,Kepala Keluarga
3201010101010010,Rina Wati,Malang,1996-04-14,Perempuan,Islam,SMA,Mahasiswa,Belum Menikah,Jl. Raya Merdeka No. 131,03,02,Desa Sukamaju,Kecamatan Sukajaya,Kabupaten Bogor,Jawa Barat,B,Aktif,3201010101011005,Anak
3201010101010011,Joko Widodo,Solo,1989-06-08,Laki-laki,Islam,S1,Pengusaha,Menikah,Jl. Raya Merdeka No. 133,04,02,Desa Sukamaju,Kecamatan Sukajaya,Kabupaten Bogor,Jawa Barat,O,Aktif,3201010101011006,Kepala Keluarga
3201010101010012,Sri Mulyani,Pekanbaru,1992-10-03,Perempuan,Islam,S2,Dosen,Menikah,Jl. Raya Merdeka No. 133,04,02,Desa Sukamaju,Kecamatan Sukajaya,Kabupaten Bogor,Jawa Barat,AB,Aktif,3201010101011006,Istri
3201010101010013,Arif Rahman,Banjarmasin,1990-01-20,Laki-laki,Islam,SMK,Sopir,Menikah,Jl. Raya Merdeka No. 135,05,02,Desa Sukamaju,Kecamatan Sukajaya,Kabupaten Bogor,Jawa Barat,A,Aktif,3201010101011007,Kepala Keluarga
3201010101010014,Lina Marlina,Pontianak,1993-07-15,Perempuan,Islam,SMA,Karyawan,Belum Menikah,Jl. Raya Merdeka No. 135,05,02,Desa Sukamaju,Kecamatan Sukajaya,Kabupaten Bogor,Jawa Barat,B,Aktif,3201010101011007,Istri
3201010101010015,Dedi Kurniawan,Balikpapan,1986-09-28,Laki-laki,Islam,SD,Petani,Menikah,Jl. Raya Merdeka No. 137,05,02,Desa Sukamaju,Kecamatan Sukajaya,Kabupaten Bogor,Jawa Barat,O,Aktif,3201010101011008,Kepala Keluarga
3201010101010016,Ani Susanti,Manado,1994-11-11,Perempuan,Kristen,S1,Perawat,Belum Menikah,Jl. Raya Merdeka No. 137,05,02,Desa Sukamaju,Kecamatan Sukajaya,Kabupaten Bogor,Jawa Barat,AB,Aktif,3201010101011008,Istri
3201010101010017,Hendra Gunawan,Padang,1988-03-07,Laki-laki,Islam,SMA,Wiraswasta,Menikah,Jl. Raya Merdeka No. 139,06,02,Desa Sukamaju,Kecamatan Sukajaya,Kabupaten Bogor,Jawa Barat,A,Aktif,3201010101011009,Kepala Keluarga
3201010101010018,Sari Dewi,Jambi,1995-12-19,Perempuan,Islam,SMA,Ibu Rumah Tangga,Belum Menikah,Jl. Raya Merdeka No. 139,06,02,Desa Sukamaju,Kecamatan Sukajaya,Kabupaten Bogor,Jawa Barat,B,Aktif,3201010101011009,Istri
3201010101010019,Irfan Maulana,Banda Aceh,1991-05-04,Laki-laki,Islam,S1,Insinyur,Menikah,Jl. Raya Merdeka No. 141,07,02,Desa Sukamaju,Kecamatan Sukajaya,Kabupaten Bogor,Jawa Barat,O,Aktif,3201010101011010,Kepala Keluarga
3201010101010020,Nurul Hidayati,Mataram,1992-08-22,Perempuan,Islam,SMA,Guru,Menikah,Jl. Raya Merdeka No. 141,07,02,Desa Sukamaju,Kecamatan Sukajaya,Kabupaten Bogor,Jawa Barat,AB,Aktif,3201010101011010,Istri
3201010101010021,Putra Ramadhan,Bekasi,1997-01-30,Laki-laki,Islam,SMP,Pelajar,Belum Menikah,Jl. Raya Merdeka No. 123,01,02,Desa Sukamaju,Kecamatan Sukajaya,Kabupaten Bogor,Jawa Barat,A,Aktif,3201010101011001,Anak
3201010101010022,Melati Indah,Tangerang,1998-06-15,Perempuan,Islam,SMP,Pelajar,Belum Menikah,Jl. Raya Merdeka No. 123,01,02,Desa Sukamaju,Kecamatan Sukajaya,Kabupaten Bogor,Jawa Barat,B,Aktif,3201010101011001,Anak
3201010101010023,Rizki Fadillah,Depok,1984-04-12,Laki-laki,Islam,S1,Arsitek,Menikah,Jl. Raya Merdeka No. 145,08,02,Desa Sukamaju,Kecamatan Sukajaya,Kabupaten Bogor,Jawa Barat,O,Aktif,3201010101011011,Kepala Keluarga
3201010101010024,Winda Sari,Cirebon,1990-09-25,Perempuan,Islam,SMA,Perawat,Menikah,Jl. Raya Merdeka No. 145,08,02,Desa Sukamaju,Kecamatan Sukajaya,Kabupaten Bogor,Jawa Barat,AB,Aktif,3201010101011011,Istri
3201010101010025,Supriyadi,Karawang,1975-03-18,Laki-laki,Islam,SD,Petani,Menikah,Jl. Raya Merdeka No. 147,09,02,Desa Sukamaju,Kecamatan Sukajaya,Kabupaten Bogor,Jawa Barat,A,Aktif,3201010101011012,Kepala Keluarga
3201010101010026,Siti Aisyah,Tasikmalaya,1978-11-08,Perempuan,Islam,SD,Ibu Rumah Tangga,Menikah,Jl. Raya Merdeka No. 147,09,02,Desa Sukamaju,Kecamatan Sukajaya,Kabupaten Bogor,Jawa Barat,B,Aktif,3201010101011012,Istri
3201010101010027,Doni Setiawan,Ciamis,1982-07-22,Laki-laki,Islam,SMK,Mekanik,Menikah,Jl. Raya Merdeka No. 149,09,02,Desa Sukamaju,Kecamatan Sukajaya,Kabupaten Bogor,Jawa Barat,O,Aktif,3201010101011013,Kepala Keluarga
3201010101010028,Ratna Dewi,Purwakarta,1985-12-05,Perempuan,Islam,SMA,Karyawan,Menikah,Jl. Raya Merdeka No. 149,09,02,Desa Sukamaju,Kecamatan Sukajaya,Kabupaten Bogor,Jawa Barat,AB,Aktif,3201010101011013,Istri
3201010101010029,Eko Prasetyo,Subang,1979-05-14,Laki-laki,Islam,SD,Buruh,Menikah,Jl. Raya Merdeka No. 151,10,02,Desa Sukamaju,Kecamatan Sukajaya,Kabupaten Bogor,Jawa Barat,A,Aktif,3201010101011014,Kepala Keluarga
3201010101010030,Desi Ratnasari,Indramayu,1983-08-30,Perempuan,Islam,SMA,Ibu Rumah Tangga,Menikah,Jl. Raya Merdeka No. 151,10,02,Desa Sukamaju,Kecamatan Sukajaya,Kabupaten Bogor,Jawa Barat,B,Aktif,3201010101011014,Istri

